{"world_size": 4, "epochs": 1, "steps": 43, "seqs": 1420, "tokens": 1216944, "last_epoch_steps": 0, "last_epoch_seqs": 0, "last_epoch_tokens": 0, "total_seqs": 92, "nan_in_loss_seqs": 0, "experiment_tracking_run_id": null, "loss_ema": 1830.8952964200207, "loss_sum": 0.035514013696229085, "adv_loss_ema": -0.012495152005382908, "adv_loss_sum": -0.19668668240774423, "eval_losses_avg": []}